ndvi,temperature,precipitation,forest_loss,bat_occurrence,population_density,dist_to_forest,target
0.39963209507789,27.77426399627643,114.79652509351688,0.519081785136218,6,72.15447789687246,32.73253434329773,1
0.8605714451279329,25.505349128817684,239.66533158242535,0.47918187762973097,2,445.1584205567204,7.579753740004969,0
0.6855951534491241,22.33338662800859,355.5310425567429,0.025642065806435688,6,173.59285290819085,43.79415417585285,0
0.5789267873576293,29.39313027589728,306.27871024334644,0.34124782762615635,7,78.07541386443857,26.954727636800435,0
0.22481491235394924,27.58623641575431,332.2964017515074,0.38019561878585706,9,13.698432192969689,14.123621318500184,1
0.22479561626896213,20.276637150828478,280.57417834875105,0.3988227808969005,5,323.26537075695563,21.261409271884695,0
0.14646688973455957,30.752980582913793,292.29679758124837,0.5801723692273323,9,318.8142564099169,1.878554519945369,1
0.7929409166199481,29.515521400924367,347.21847804786177,0.5336025467268785,8,170.96147912406454,6.3933400611208775,1
0.5808920093945671,31.297198786086938,137.38380310071508,0.6079050927934446,5,36.78423253497785,38.277337525793044,1
0.6664580622368365,28.16007311743704,221.29873727509917,0.7648832615421283,8,205.40481855272077,0.0005817377683070557,1
0.11646759543664197,26.587812743101058,127.42330463686078,0.8129857387160935,3,156.2975300366334,20.82829142411461,0
0.8759278817295955,23.855402508068664,395.68380279882643,0.7181230762264944,7,338.8831992277697,26.125509054279423,0
0.7659541126403374,31.058198766956185,380.42076889031466,0.9555236959549347,3,303.2838454768925,2.7317210000486147,1
0.26987128854262094,30.124894453005716,63.79938397897706,0.01823258267636163,1,182.93227037057247,48.653908148616644,0
0.24545997376568052,18.63306138148665,296.95131038049095,0.1957779856835461,9,109.72838457324006,11.306266562483597,1
0.24672360788274705,18.36913764296153,373.83691109548306,0.00756287497814212,8,494.02994711164035,15.209935981814043,1
0.3433937943676302,23.270487136292694,113.20137079456674,0.647474714154603,4,227.5468089768613,15.197125612751366,1
0.5198051453057903,29.34774663094566,248.7808306934203,0.8980305489499869,3,344.4488436543383,11.520833105867496,0
0.4455560149136926,31.82186581040922,370.42090415581464,0.24348229657629927,1,71.13593082160203,0.0736911043155708,1
0.3329833121584336,20.105836475449394,61.88109250502959,0.9270345447963066,0,243.3092601300395,36.467239704399816,1
0.5894823157779036,26.317830014929893,294.09709353639397,0.06026739028956085,6,14.740823214863278,48.34227498996427,0
0.21159508852163347,23.3324719928343,154.07215258039278,0.9344360268055143,5,253.22210383731453,11.214674164252253,0
0.3337157188281745,31.578801569404444,373.5386683817856,0.3516226872396344,1,482.04468615173346,33.15235959017112,0
0.39308947463495336,29.78966492389992,389.87038580787873,0.10142082844921652,7,192.71914977991432,37.094816347935755,0
0.46485598737362877,29.73660186595593,380.4932711897019,0.48587175918632564,3,20.45901027488088,42.421268954526234,1
0.728140769114411,24.561704237129582,215.97497583011233,0.25677656772050794,7,16.44693966875242,21.131459850680457,0
0.2597390257266878,23.807473032727312,351.7149278462597,0.28487290196192283,6,194.60539321348787,15.146545282021462,1
0.5113875507308893,21.82769900702989,345.5922894872746,0.3072899649262866,4,80.85244329513382,16.264756701151555,0
0.573931655089634,18.78925695311298,161.68516563513947,0.8030258978326634,9,12.65269606776477,35.63106665492564,0
0.13716033017599819,30.106113267570745,340.12041595273706,0.5391612766752545,9,378.35059336113824,40.8389733252818,0
0.5860358815211507,29.380614127821087,62.952672150422416,0.31130769915600365,7,229.80298143206346,9.080698387830132,0
0.23641929894983324,31.996047426005827,258.69445746871855,0.6103337833109184,8,145.3331412143546,18.54705040788826,0
0.15204127438822362,31.952915719034674,130.50309305069607,0.7161506742231936,4,450.14150832522387,45.097009837457506,0
0.8591084298026667,25.776043878436784,92.19841002204758,0.27262400073353377,9,58.95334114006228,40.33467598473696,1
0.8725056264596476,28.765823812527145,76.9336205702232,0.4135491015253515,4,478.0034956487043,49.24292013812379,0
0.746717878493169,31.226720218353993,293.70107155734894,0.12188609333694755,1,157.66939197129906,37.712412984104034,0
0.34369101533869656,29.89506346948376,168.95623731882316,0.18114934953468032,4,444.31343248203194,19.659760051396113,0
0.1781376912051071,21.462873424404766,303.6683700350665,0.6811178539649828,2,301.8684953632513,29.531891699731887,0
0.6473864212097256,24.30761789434131,72.87471927962983,0.18143834769562694,6,413.5269725110022,33.050712712366014,1
0.45212199499168104,19.80823181212093,160.3516182407136,0.5251633836670602,9,492.0225684420217,3.9227908158561977,0
0.19763058787582308,31.356714381622112,238.82195233136804,0.7090462617224327,4,144.91431347155412,27.224847955193255,0
0.4961415280890162,26.48644488231232,326.7531076936372,0.10687692309474384,7,480.6066072183889,35.46604142363048,0
0.12751081689217472,21.200999277048478,161.56337602622446,0.5673122196289035,0,195.35146555630774,8.366065200053018,0
0.8274563216630257,27.403809581681994,269.06198175295316,0.25656278370136376,2,193.37044046372424,39.031585871277855,1
0.30702398528001357,26.65379536641054,360.0922118826655,0.9629268752375798,2,170.85316502299833,29.18863902570558,0
0.6300178274831856,23.014278052459765,265.5521158638066,0.4835456467199247,8,271.162396066445,47.61108928487973,1
0.3493688608715288,19.589806290794805,131.5358161637718,0.8059925497751581,4,77.91837654606506,2.121114910344585,0
0.5160544169422486,27.402024738299193,58.540273544788306,0.5502265421562618,8,277.30203119364757,13.26630687777335,1
0.5373682234746238,25.284307812653108,354.53460586532543,0.043412532854819164,8,271.310701392592,30.077693964991205,1
0.24788356442042164,28.81245748429895,57.444293797635495,0.6331513755940223,0,381.18900448983015,14.827995610296535,0
0.8756677022116469,25.28228901556791,356.1455854394698,0.951403342206657,1,416.9913310068552,35.721208203562114,0
0.7201062586888917,29.930541004459563,235.1279969095242,0.6016118201463312,4,220.7802338058996,37.95026412609655,1
0.8515991532513514,25.726695742842796,378.67369447951364,0.8191888594267902,3,151.86429142639537,5.125798203323723,1
0.8158618803421192,25.85313160149541,329.5741325207829,0.8842064633484078,9,130.40811376123014,25.692723210338386,0
0.5783199830488681,30.27315043721683,399.27693868666813,0.22807977194893247,8,98.11729451573109,25.444527779552793,1
0.8374993880184936,23.64876012697356,172.74913540809854,0.21204483990822665,6,29.766143517313417,18.464038510777055,1
0.1707940016415356,19.87621319830897,318.5159011258944,0.6109809888509917,5,171.88154143852196,46.646243128483604,1
0.25678628993531616,18.402957468386745,190.67581976323476,0.4110284698067047,6,135.85359837326084,41.37531599366106,0
0.13618183112843046,28.571921579430665,217.9564671063681,0.8398613028667203,0,483.2422755473373,34.86046909548184,1
0.3602642646106115,26.684333718948505,269.62691212642954,0.9000231233980112,0,279.29670429877194,35.716331786749876,1
0.4109418317515856,27.85711675338913,355.78698996521854,0.3534213793027181,7,174.29124247622326,23.085807190655956,1
0.31707922541911676,20.98149826112475,394.4292142197533,0.23687055897448206,1,290.6533328958543,46.049726054828795,0
0.7629900073215435,19.909200658214775,318.89569485258136,0.7805255152438618,9,70.45915397150206,34.729771362664266,0
0.38540266135487145,18.203625319350348,196.21837375856683,0.2748060355481361,8,222.57783085189925,36.44905308279082,1
0.32474760774990463,22.90822582329236,197.47495079697455,0.8226143185136784,6,313.4909263891108,43.08454518936726,0
0.5341568665265988,26.258847615964864,308.15380555611205,0.42373825364876283,5,244.96001806443323,13.70357946710955,1
0.21273937997981013,23.491416631396252,133.5720010189058,0.6675498992914705,0,201.4876215265078,40.35354519333515,0
0.7417575846032318,24.124648908332208,88.66593959598814,0.09553531383466818,0,496.9303460609494,9.762030147824602,0
0.15964051494381667,30.65822172291248,174.1177551742718,0.623859324676573,1,440.27706631231456,17.26709761224439,1
0.8895095492804139,22.875576538326204,150.5336470789286,0.4517676787372291,5,312.0795731215606,16.780522713492136,0
0.717795815437326,25.19585284823735,153.70784215959654,0.5866084631754741,5,285.1193032299591,48.926273419457026,0
0.2589725452273379,28.971142178376002,131.76271286746848,0.16801420774486342,1,310.7095794324674,42.82686118739634,0
0.10441769369888193,23.551598952497784,64.73261637272665,0.7368737449441821,0,101.45474180339419,35.058493079512985,1
0.7523691427638673,26.709213803190227,56.25587715669484,0.8627970775432285,9,198.173733888895,36.35283808076951,0
0.6654858750780938,30.07309192245443,395.702836407611,0.21673980009077565,4,20.69030691255876,28.103639720128555,0
0.6832057344327899,31.29328873120699,199.72059680755183,0.09571455552016173,4,238.2974727059265,47.35453335542596,1
0.7170162773487566,20.05902873300653,184.5143265058886,0.023638586046336396,1,271.96926739487395,24.812937644118076,0
0.1592357213872723,30.972226752260923,287.87654894257446,0.641971500443266,5,114.64711831550159,19.025885493494727,0
0.3867725828354181,24.889628103113534,126.38886075277246,0.6070940360887808,8,482.05039473559134,8.15176684657955,0
0.1926952476201038,21.615421436185418,382.48641438257886,0.54669741271407,1,454.81785085768377,39.3102826130529,0
0.7904827407004749,24.427900587335657,325.22075504544324,0.23194709611597542,9,361.34947449249705,36.72219660377957,0
0.5986385014620463,31.720456053996678,81.29385080929083,0.39090599590551467,1,267.15992775391595,19.217751926206745,1
0.3647184198821194,24.896653315900174,196.15327152472491,0.594476335186173,2,435.1146106641948,1.259670697961468,1
0.15084668022881892,22.602522544025113,357.6914076467576,0.4967668588591694,6,66.195519567908,41.949866385900535,0
0.34878585737252976,26.86761196043416,380.6562078019936,0.9877855202148873,5,395.46438734316763,0.5708991727036816,0
0.36014665762139764,21.362038662894705,213.5905289374544,0.13643975255673313,7,63.285586169457304,35.18498898145255,0
0.6836849426704513,19.062086593521293,264.6939862237477,0.6951445540475938,7,397.31112061215333,48.512855486302854,1
0.6100459770841705,19.804316106749088,108.46188113222632,0.4043187681042921,5,138.6080165574271,21.883066407410173,1
0.8097701940610613,19.792641745408815,396.90901914794176,0.42819961492561476,9,438.66819992807626,11.748670249797637,0
0.4777719401295595,20.126637709172122,131.0850954842052,0.7175977656581762,2,472.0770048188735,35.243550502169086,0
0.19567539675064138,19.94358041709174,379.956120947294,0.6924361513243696,2,75.2491887331527,40.85640710077926,1
0.670595829778396,26.972246427245004,277.37632714732894,0.9912559937021883,0,231.87512692763136,27.321515803892364,0
0.708628038893518,20.546321181588027,262.7078782076007,0.12839428945412523,6,490.51270170317986,48.35176376280731,1
0.549021758055597,22.839341966534086,229.440978855778,0.10410964938416634,4,242.22031055060017,2.5834360828980554,1
0.7167737439636488,30.555037738684167,130.73443410121553,0.7243388171287412,3,431.91021373475803,25.239779915226407,0
0.4950364770915126,24.63546296368021,111.7848112019279,0.5783869170064091,9,294.7770295435286,35.9226973661275,1
0.5181862635055953,27.34580833929438,127.17017317456137,0.27416066655980587,3,188.28962405188133,43.13202355745895,0
0.44203281468683975,20.412478196822818,115.25339175048909,0.0794193689889866,3,143.60599420740922,8.962780595389502,0
0.12033530139527615,20.69204626332139,322.85456574836365,0.08565824959643054,5,102.40832245195755,40.00017408818407,0
0.18631314159464357,18.572160627730703,172.54384070835553,0.8941908746641183,7,381.1372974974709,27.635353785927265,0
0.1251433485493874,20.365090883010303,70.24493679718873,0.1918673247187429,7,193.8837129046909,19.82768409949816,0
0.6091283290110243,21.90026474644742,389.185920549284,0.32337156211552076,4,256.12645563817483,6.585751428954678,0
0.3514847848610614,20.478146779874457,359.325059737199,0.22665640222698802,5,246.6704145205898,43.26478794544562,1
0.5068565529317622,19.24183547259878,374.7132991183245,0.3549963058319373,3,289.0622355873325,7.863660408985767,1
0.8260531791408745,19.68890219540841,398.21773792625237,0.06942384274609337,8,432.92299566665156,15.489392960454962,1
0.2994337833191,24.450902752458163,110.86333722682055,0.5190597909082704,7,490.3889324481313,14.502276598121844,1
0.4283063384285038,20.888672057681095,188.68470661593057,0.0676125635922149,9,204.38452007833465,43.57070170954272,0
0.7044409108344389,23.099778054673056,315.38346649643194,0.8003565078223616,9,413.9319421310452,33.6351497104449,1
0.28303853239329796,25.047841791967997,293.6072163188273,0.23371208191043302,0,382.4993695327041,39.834069859568615,1
0.1615839278630344,27.665527600811114,103.86356721894927,0.5400119146045106,1,287.19094677633103,12.523394939624948,1
0.3318011623310144,18.550369957775384,335.5415937467162,0.8800790875614583,8,478.06752466235463,31.243704980349946,0
0.22897702980320356,29.191745584726597,128.55420014283123,0.6508773690471942,7,101.03678324867299,28.587299157187434,1
0.8437581218740585,26.790605452872708,128.33616518791808,0.5329577865513353,2,55.522840944501084,41.64151883941356,0
0.7464963036515336,19.144626447284207,237.94104801269475,0.3243337531153756,7,427.12702151075564,45.304353024063026,1
0.6067230052083388,30.23010073749488,257.5289771945961,0.33300191305819793,0,220.1357585002404,0.6078385738693404,0
0.7971684721501742,30.892213607445385,253.03017274323392,0.6694869551981901,9,423.6374582493232,33.700995952939635,0
0.7429376615192916,18.855091437968092,82.02039308921421,0.9941393612211675,3,446.65201239251206,2.5917899559864512,1
0.24925604710882868,21.87628707406085,357.11130192063314,0.6618391898493786,2,32.16633921591665,27.442933253867796,0
0.8140471987919823,29.28681791710286,142.96001490604712,0.5577834173700249,5,441.84891673004427,14.38163645218391,0
0.5314737935325206,28.475635665371218,95.33022244898146,0.7306505102392461,6,224.71120862934166,15.33882997610706,1
0.7459521241312501,20.58329427098928,361.061827954142,0.46520561228371815,3,255.70581201311188,17.64792517261783,1
0.8168730399387947,20.930890526713945,384.4780243804137,0.060142342600785215,6,313.6696630355119,31.064622452480506,1
0.35440277997749114,23.186609439079348,351.74466604290774,0.5622968158779098,8,463.2649207583133,16.70249828343846,0
0.18804153962214143,24.7833217926743,333.3306261537073,0.9576252845053802,1,10.53893112045225,36.63495252951402,0
0.28234813003355336,26.655566801424143,279.3346932236576,0.17530294235765964,2,238.94489069059074,20.226369278693486,0
0.44168623090100506,23.164790953976812,242.80007971319876,0.6900048908206657,4,344.1732991728498,3.4176600154979306,1
0.7544118127379945,24.475486025864072,80.44536596899354,0.20093368865905648,2,361.630771891416,39.187992124205365,0
0.7885844666050748,28.46459313387259,192.95862457474453,0.5358276844730813,7,346.57368333701686,14.2879162296353,0
0.10556170442495257,18.51356484046837,180.4409809543099,0.09667644964671962,9,68.0831295746528,21.638343979963132,0
0.5085978420620526,21.53411722081629,140.91382431611416,0.45037093625818514,7,150.39839859746894,34.27219416109508,0
0.4339288025190232,27.986894202383734,303.1970397910047,0.7561633288952461,7,179.99904718308971,16.6228078574356,0
0.27768624837658423,30.53289572762079,223.55650727756978,0.3475715242389821,8,402.414166632073,2.8292828073357814,0
0.19589229386694626,25.163484189619325,78.36617556767678,0.664911724487218,3,140.10117633486195,18.69605235064068,0
0.3700921371229024,25.44958879371442,127.06412068243397,0.7954499607897292,4,106.14177696973438,47.22242913471517,1
0.8543277631300153,19.500408158756866,289.1405672808586,0.9271778194794527,4,478.76656150000997,32.08671986492791,1
0.3585623456166042,24.263773135528364,76.64580082160506,0.23464208185545354,7,5.422779271620981,33.57395743336035,1
0.5150324973946929,25.456641730370325,347.922419917069,0.39931591580930814,6,498.91260698530715,31.614107681881993,0
0.6624151671161423,21.394587050886216,223.301284454891,0.15241601333041743,8,338.7338281298404,9.949606947971839,0
0.3909036819034352,21.769405233291334,218.2053020643268,0.9924835021583752,7,414.4061804251094,20.916693205114008,1
0.8774256661767685,23.281978283464717,257.3427246308312,0.9270009679242953,1,148.01507877675039,37.54698991816591,0
0.869957835953689,18.28099676888817,338.63833807380223,0.5399571302805596,9,8.14332355586293,5.068644877657958,1
0.3014258366602913,22.509108318164497,171.73322276576758,0.8420332943764213,3,369.1968897622035,13.892638804485614,0
0.49779880471390836,20.960272097951623,287.30565339567227,0.5209579772720422,5,417.2381539033372,13.815955423292682,0
0.34070264785341575,22.584962930490804,248.00618739852686,0.6235856880027597,1,370.49758984480604,21.6009463797253,1
0.3278723955019741,19.67666984546952,143.45989455929745,0.08912443211601662,6,72.28229336311846,49.01843704710925,1
0.12950955788362625,30.467381930358528,357.5204952243053,0.7552704204968079,2,376.9605332062276,3.375127334191097,1
0.5876514671839175,26.31029434975668,329.0991075624248,0.12771348363523483,2,384.69246827171287,25.935049719029752,1
0.5021432185830892,27.507432468022856,280.45814213044895,0.8260676302525284,1,329.6117173193574,8.968234100610523,1
0.14118300099999148,29.048397340502735,347.7036051829847,0.7820280876703859,7,383.29185046499754,48.53382727048721,0
0.32291717138928916,24.978190785006802,353.5529703359308,0.7087446977429764,5,423.1147983991883,5.66517523637321,0
0.826612708773323,19.21688403322393,297.9270418502622,0.036160380524762115,0,307.18845300449175,20.180050118079564,0
0.29164951253357796,25.51949158545967,342.9546649272852,0.3031283559453286,0,45.213752270869854,36.89424924173031,1
0.21591589767297847,26.215775652292308,294.11501158424926,0.26311256991084286,6,244.32627702393822,35.227721401372264,1
0.49156220822205043,28.43615263858062,288.04927011610516,0.3601364074715191,7,39.747018001130925,21.136431844696613,1
0.8885203632884806,24.043233647215512,266.5139823753145,0.08764274676383854,4,204.36397248518298,17.326208397635913,1
0.29364421720920036,19.78612423913789,313.45082384517445,0.9369578230310628,4,204.14613807368818,19.88061892764353,1
0.6377084379247029,21.972862681182143,105.5117868525758,0.5538022407123763,3,33.93891222598055,13.213813157931964,1
0.7092956922629741,23.08315214958089,358.3047657196249,0.30552431065802355,5,175.06144645077018,10.26664693533999,0
0.29011003519391976,27.042841378642418,355.1452347108312,0.3969815170742834,5,56.3880512968661,24.1519848779445,0
0.6825730788894877,25.990896265364768,60.236549062095705,0.44720254050483565,2,404.3093697946019,13.426687803380366,0
0.3942265061754026,22.98535416256985,339.0358626976669,0.6005943333606173,8,473.8963249562709,14.373083244862507,0
0.6058446644748636,31.811213483101717,95.10445361570582,0.5156794276964978,6,37.08592115371137,32.837803173727856,0
0.6068237686087158,26.48084747099642,167.29159899069967,0.9193919732144173,0,477.602488438559,48.42686658499461,1
0.5286197472598068,21.321175084303924,310.2278897020627,0.49696348290583026,6,261.76572306903586,30.181860027968753,1
0.17223181604352666,19.424954616685653,106.26596361690787,0.9921580148233127,4,150.48327329898308,3.848973353248314,1
0.7682419964713905,20.14002794858065,336.28845844167176,0.8514249577450957,4,39.354175562805594,3.779180692703349,1
0.35662405197738867,21.443408197383114,341.2469622852097,0.2085105143573358,1,250.8115097671385,47.5711610422783,1
0.2492148083198834,20.24953922563378,227.61370681629268,0.9305952146439163,3,397.4632567008836,14.864539515366681,1
0.13262011324381115,20.611938336718282,52.235055100891756,0.11636639788547609,5,353.8361521560824,4.603349304123771,0
0.5727143545505935,21.99133236171386,150.46334661121946,0.8174497084911916,9,26.062779720522908,29.952229357519077,1
0.642051489473826,20.427230334126566,265.92442143150976,0.3806232934765801,6,37.37801584858385,31.182438914513305,1
0.11327026314228493,30.554715944769953,393.4151623095982,0.8779743204450695,4,202.03376803368593,32.42524100593441,1
0.5096744466394248,19.12327243926299,271.13473445583395,0.8680566901074503,8,148.3499565299237,13.370101392877064,1
0.2811966201583504,25.343159453983567,140.93125337245593,0.8059254001176211,2,116.95977720496786,0.7555342107237517,0
0.6161382323275599,23.74555557785526,271.901996084864,0.7900304363070614,0,141.22124495544807,48.25076847272359,0
0.23949314320399318,31.75330063672049,238.9948829005494,0.3046791390980408,3,401.9378889051454,12.544652284555124,1
0.6527501904819728,19.568544630352733,322.94588830290024,0.08091928305125218,8,464.6847987622951,33.801314402627376,0
0.40938827704042996,23.569978386640383,87.44322358943545,0.40298017876516146,3,203.14624456925566,35.331493493935476,0
0.8493839909893877,31.572586065855162,316.3597658757098,0.17352451498650867,1,453.14939006411606,30.500370853974285,1
0.21001675531679462,30.117099762515725,239.44330253663858,0.6949510889024617,9,161.4263549226931,15.645369710682411,1
0.37285308084020685,29.439008993289917,387.04720135064815,0.34609972653778553,4,238.742056185552,13.554812688203288,1
0.19077881699247126,21.610639578629158,169.65525811354013,0.9756102008599149,2,113.78846991018386,29.883414135135155,1
0.8397548946228502,20.392426223460923,271.4176625968818,0.640972077345332,8,320.59754504574613,43.304781680584576,1
0.8018714827047848,27.361005078942036,376.2098369285061,0.822480563634361,3,489.51157647222965,47.33668644616978,0
0.30635330217212453,31.0112638477862,85.87840479673774,0.13252467274184843,5,302.14305492564597,5.295290220187882,1
0.6279872368273433,25.794680502195018,378.0299705327579,0.8620144822726226,1,179.54922797266087,7.7414306298859925,1
0.7537777601609728,26.002577652578598,290.76000280528467,0.9227571905133943,5,324.2609055492737,47.236812939153985,1
0.5441606492795699,21.91970731124398,73.74297068681017,0.4870619188189359,2,62.33741855422839,36.82676141673963,0
0.5237204626848052,28.772901064687115,155.3372484313857,0.6062529377509774,8,444.4408810524339,44.149691241488654,1
0.2934818327203614,20.61861247980533,297.8602310258486,0.7648098009029954,1,252.03889143913835,10.131631706767157,1
0.17448221424471938,22.531509309659413,73.5727105140701,0.17483862726041255,8,225.22552127778138,29.379293555470092,1
0.8177726063626615,23.956110140629836,253.75966106169565,0.5025660764634424,4,293.34652943830605,35.056979720873684,0
0.8203344457306644,25.106545301582372,171.05906993353486,0.3986630277723131,7,312.7671475319118,34.00559427234863,1
0.6064811658186144,21.393736253811124,267.320431218617,0.1463739921622491,1,36.81612730703,20.407584543334906,1
0.37122383283896054,19.60771554634885,66.0097118343795,0.36753442229153144,5,341.6259933904778,0.7697445845654238,1
0.37936765969012876,26.548680594182855,355.0378821533317,0.06817230938549357,2,121.72390847744926,29.146302840213156,0
0.6807645430961915,22.04082774536358,390.72113921208893,0.025811906949486985,9,357.26236362078834,12.655076958980437,1
0.8176882079620618,26.137335099916573,389.107249349992,0.13516628915482276,4,411.4448623977142,22.51271230714452,1
0.8096691394120938,20.161078013838832,312.37814111002365,0.9631151115891738,7,402.1752952687076,47.879050754190864,1
0.7239004366860992,24.735961425967446,95.53018404572119,0.549529535895017,9,276.6979827365367,19.951765882121737,0
0.6136253169234303,25.456252055722203,315.3921185751579,0.96582216115322,0,260.56477626306486,41.990080333221336,1
0.1673119719960391,18.725529515513976,58.60542076058053,0.432497878330132,4,72.29510470836645,9.427030287462557,1
0.22930297127569102,22.71245989471489,57.743243035149035,0.3118161330852596,2,387.8977290511647,33.62302490125144,1
0.8188433508216635,19.88180547714564,163.26357670233944,0.5061418628402441,3,136.43328084291048,48.85034772194717,0
0.585143247727672,18.887249586618747,221.02511664163302,0.4395116886329101,1,248.85101598615532,5.094655043646839,0
0.10735764129330372,31.859443253459233,319.6425962327276,0.10566468426174391,8,142.85277237083085,0.4159971113596006,1
0.1811772342928257,22.512953829646122,289.1533818122768,0.6408263146902062,2,67.78035313684688,21.67913963163072,0
0.6308014152864447,29.33824224196489,206.0659472318619,0.2160381825095996,1,315.14929074897657,4.63127415256836,0
0.10404926707697496,21.564969166692695,145.76933319858307,0.6195879548978296,9,28.111685376629012,37.419217483811565,0
0.22864644113399893,27.54103811113501,398.9935750551989,0.6502010923981534,8,374.5739718289738,45.727433192427945,1
0.5389870314932689,28.64319003845561,199.16345578259052,0.1520248531286481,6,159.4758108352972,21.701048635437942,1
0.6535161581541546,26.33894236850982,207.98545851538643,0.06134962711066816,5,1.0672118092381746,12.935582107772047,0
0.6215690076020804,24.602066639702215,107.26833741708421,0.7807615860684398,0,256.0534404793777,21.72016595033049,0
0.27941544756844783,23.76577279806176,328.1833420624753,0.4598004237693202,4,24.37910235527396,36.17239089250005,0
0.6697433770780288,22.884155731601933,292.78877902352104,0.05816379550547579,2,138.80860935262885,0.4527080790185489,1
0.28979926999744005,31.013408019469562,127.26936447606614,0.9948663171697671,0,353.78126724040237,29.472699474234858,1
0.3603197585274142,29.628671709028207,78.83336596554494,0.05778056099636664,3,32.28212118931107,30.664584244368953,0
0.6971931240944194,31.510376749331176,288.17475572614956,0.6950352288585532,1,419.82990768564514,31.884412344796775,0
0.6197063192377718,19.740161128797627,279.0789249983973,0.9836789252634136,1,2.9061414066329707,12.101103999043861,0
0.7793787283953424,28.23214465285102,145.64083444937327,0.23918010421592562,2,124.16511073174922,35.70263616890634,0
0.6260903138402747,31.13676639549453,382.80224678764364,0.14224936868719618,7,370.71112401988364,4.56957431658882,1
0.5546468826683774,20.537262926319244,102.87026212331509,0.1213849394224289,7,158.81880471492408,9.96351682334004,0
0.17493981426247399,18.930947743134887,201.31718036491068,0.30327514756759555,6,51.84430164494075,43.873502332724094,1
0.39417264244754685,28.375689090060828,380.2655720586596,0.10104581101064669,5,180.7567254814135,36.93615753632832,0
0.31216189414538037,26.042623584518765,196.9045609241428,0.6921613416941319,8,135.92624990587825,0.6872777005672626,0
0.2951917147032669,29.785602874615808,273.4840816824299,0.06229179813006269,3,421.5132391781169,12.41881301849001,0
0.8784084438019565,19.956813272768052,189.158039286978,0.5094221281497897,0,157.36061087498643,10.720324149658229,0
0.41447817973340834,29.13374236603846,145.97532082203452,0.9966968538529768,7,394.67730341622763,13.540316401848628,0
0.8136372441416907,20.822782480668423,394.39217678593985,0.8139702695060188,6,446.04420026055664,12.377988513994321,1
0.6049109007978104,20.291183200119864,193.26690221026504,0.6152194382310109,6,217.47489236868824,3.126314787142287,0
0.7358490428333188,20.2997211710339,362.9347212876971,0.30625362078661167,2,455.06162878334163,22.947025829841017,0
0.5021096744841537,29.40404608323935,130.48411206188015,0.6238958362916385,3,189.28170892763322,36.63667373930826,0
0.5615231077010873,27.3127610897468,124.58664640877916,0.5270414639116516,9,482.075129828564,30.33658623587182,1
0.49401415505509116,25.322915946767672,60.896929009578976,0.4260833838903715,8,45.55547273826089,33.64358342990399,1
0.2561943902384356,23.023626777729035,278.08338888155976,0.13071037674019947,5,343.82261398511815,4.057458926811957,1
0.6779616922092043,30.280807571383516,178.9842203033164,0.8866042152404667,4,247.4132061880074,47.57453550883936,1
0.32461788995268465,23.494231503916897,352.52538744387294,0.4497846488213225,2,194.43675392236787,41.92459169215124,0
0.11945277314516307,29.43239215260208,215.62346734204502,0.19462251182076507,8,316.72322749555184,40.254515924783135,0
0.6163778367257343,24.147888719983058,388.8676997701526,0.3677593508772896,4,352.2246887255313,41.149190252088374,0
0.24168854352563918,23.277222011948705,114.9339304960924,0.41412975252892703,4,3.177271555504235,46.63552540663807,1
0.8523668674823315,24.47751699937449,354.0181087844638,0.8275378955668743,3,84.30959128485216,27.212698305684885,0
0.86314286160207,22.21929023829799,321.8088984771096,0.733614380561402,3,356.80997926652503,10.014100893381295,0
0.8318915121763588,28.466531322467517,319.8226456254182,0.7693048936413398,0,333.526321375525,30.839180392627057,1
0.39612696020435556,25.03808546129471,345.67412984091067,0.011031264428647214,6,483.0577050592099,37.14407468339695,1
0.11236529322309395,21.250977732055443,316.3583968300496,0.4161539981797615,8,380.7578573351407,36.89586966770127,1
0.8426548500701804,30.59404402584396,269.1771125709954,0.4813441516353236,2,475.4355811579377,26.072451208344006,0
0.4425473186538515,23.37447709922496,95.93570718883565,0.019192276823056686,1,351.5677102658687,3.422935966678903,0
0.8733238552349357,25.60974005559584,61.38416282193817,0.2598132087450342,2,149.72805211108212,18.55564692150639,1
0.8708959816714024,30.690609553503656,372.2967467354904,0.760289823122135,0,53.57709620317738,46.038330423167864,0
0.7824075643738881,26.73933194279589,265.82761008225833,0.13710970572899905,5,391.1301078091229,29.2224454878713,1
0.3355591136556686,19.636572569917096,328.7880518416617,0.5353101314525917,6,322.430461516482,26.91659716278567,1
0.40807818288154024,31.157649730588652,218.53282302939252,0.2152018720172375,1,25.044820184254817,13.442675719109676,0
0.7809093372134855,26.78791274299985,91.05786613683807,0.012120774643893273,7,180.6651824845882,18.422445995828944,1
0.35353760412502216,22.688678605199208,93.81502727089266,0.24120145759954148,5,478.4431079266588,44.76730445765846,1
0.235594197348874,19.94980901728742,289.94785053014,0.9758737549100538,3,250.70017170939042,33.32315237634179,1
0.5454410099666801,29.116352649784144,200.60706321481194,0.8015371118829896,4,216.93183887383262,39.36935133761664,0
0.8489238193286248,26.68101858299919,120.18365434511786,0.9595766443210334,7,229.3921029744877,22.717271153382757,1
0.6568238373399784,25.4684552876685,222.0580913595029,0.48785404392636245,2,105.2324792785767,31.512360972807897,1
0.556048936071492,30.514496162713407,72.47312797629694,0.1097361986775035,2,184.9848782615328,12.419180437160376,1
0.17774119501661484,29.04036095714343,253.68999067003958,0.547959488973693,3,185.53681473760113,35.27304151417432,1
0.5920057813593358,20.123448316258518,144.1476915522842,0.4543773345599609,0,27.12515507354873,21.380066685166867,1
0.8920430800834107,22.364108949137677,329.14568522301585,0.844357082739616,8,384.01624663044123,22.12727574073728,1
0.21206721218921923,21.47884795740252,158.6266856232508,0.09808258078424459,7,208.8357115200356,32.466116228844086,1
0.5146637218909894,28.41524809601748,209.32705217863042,0.4882411370217782,7,411.26776352139524,46.81403107344633,0
0.8018984575423644,18.46945408630091,54.06718896783522,0.15004866469398426,9,425.3236525588278,3.200317330431046,0
0.6926148942033636,25.978455588198432,75.35641072809561,0.32467592689006,5,106.78503329463037,41.23716186735038,1
0.6576125927962144,28.67442160036967,187.37274474233968,0.7373570773877997,6,329.01938760289414,14.619155520609656,0
0.6619872671896875,30.274718914664493,217.97859215099322,0.47601812936876653,5,236.66862027732788,22.195972725318892,0
0.38759292097580417,22.789144482022703,260.0071918417563,0.37588828514576933,8,440.19821222282104,1.0956664387504478,1
0.33487347541159473,29.49760226540818,152.08190254825612,0.3944762785700353,2,108.6545989090506,15.05230389171565,0
0.7474889243828109,19.5488443173729,293.2436601442899,0.45944676840598664,2,339.22878695471206,25.131562131506524,1
0.7480907157433446,29.850332084283256,351.0428390162216,0.7850165438370569,2,304.2683090041086,2.8088038673719504,1
0.793657854864083,19.784841272647753,322.94784611267244,0.8920846889402344,9,148.35543730834456,24.55478646915826,1
0.8305924420451771,23.56202206784514,63.866588871925,0.9553346865039283,2,69.16385092193514,46.35553144292137,1
0.5090739190887502,29.16213512091375,218.17743154024012,0.7869033862552951,8,326.168240478161,5.2696609053902606,1
0.5012130357497597,20.098843982882833,86.72556244636121,0.31540689574801273,3,369.56013160803303,38.22203640377522,0
0.7386361431734202,21.20951953325698,134.71575555188463,0.6881347060865421,6,158.49804453791165,20.483552668799632,1
0.6199711446222121,28.111535957502927,395.33190764350127,0.4376031240553919,8,322.7714694071346,32.7586857262169,0
0.6615735018061627,28.080511511645042,99.87344001552962,0.2546706220460512,6,198.17032289814014,13.011829899261468,1
0.7366341355488809,26.976066860394162,224.61085370797463,0.8408715794259226,8,356.8902347580262,7.974613127067914,1
0.8120042734540531,27.7152782225394,266.3545070113417,0.038426348962324997,2,100.4084221721325,8.023130713561322,1
0.3703961254812287,25.598142206866346,295.8627396904364,0.9017619921354235,3,445.217286315451,3.5245972821572327,0
0.40046636211195524,21.52518682469734,245.87703922041993,0.46147746462473416,7,144.4173886363243,9.282335245062152,1
0.17518555187269522,22.83974390905487,53.41979659671428,0.6372014768082804,5,184.5252078903203,33.21096924944841,1
0.5626241127969392,20.54236803521996,164.26145788539716,0.6593539222057827,4,29.987884088094543,44.084530592175405,1
0.12875381903739366,30.718307858670798,231.199075184649,0.8951177407065364,3,56.644593948316924,40.70628427955809,1
0.47247841450596817,26.167485126725687,80.75327470069168,0.6366696821672073,7,258.41508945345174,34.25671549372421,0
0.5341157077660613,23.61191983469096,172.71942592321327,0.6139335847600618,0,134.52874568725778,5.521593170555134,1
0.32923300170262754,24.468081251017857,61.621088076978296,0.06665204056068996,8,417.904632645355,14.459372314797491,0
0.5726666084552087,31.261966754565414,77.50247400425727,0.5184080219452041,0,8.332000938821967,15.490343766123448,1
0.12440019995123955,20.14691964362512,188.92314667055862,0.15016900081704165,7,190.16793028729617,12.49784731988106,0
0.12987855099937154,26.20721764823516,96.45051391507113,0.7374337687214856,3,169.33542783777725,25.750282985486155,0
0.7580804485277266,25.082441504382523,248.63929689154534,0.5122219208126745,8,10.644487827882916,26.77769074398363,1
0.38815251312901033,26.56035929608507,291.312739198043,0.6802277792083533,4,63.0598311012546,17.84429875855551,1
0.20164841012150783,18.253542573491767,330.205344688179,0.041672900602384266,2,207.40769478439898,17.6894579368218,0
0.5177946080438435,30.20973472521812,120.05258548568354,0.08479201604580322,8,246.93942763927586,41.42777989530407,1
0.7159948424788887,31.049655954770575,108.61890379067441,0.7163233880626823,8,202.74058388017968,39.46464241598428,1
0.27265682199747454,25.911864570248927,86.59874411704008,0.07208433599867337,3,265.93790152763484,15.389791584037283,1
0.5983123806552002,27.753111534276492,272.75058734027283,0.0712567277652586,3,297.9707057779351,45.68942219366296,0
0.1682779719950144,30.91499133648214,297.2665042704154,0.01210847523488745,7,5.9519867427899795,47.6407508501253,1
0.14134537693488616,27.90134088038758,61.05515068897471,0.9565013982994801,1,232.58348456729843,16.33712710150204,1
0.5250837052545184,20.13554660079966,377.6742861852914,0.737508359459007,8,481.78612120290654,17.721247439652743,1
0.5325080972880852,26.068037042335384,68.18994927801535,0.35325140850206416,5,259.9971077846448,25.28170767109794,0
0.6099439211985653,26.494010649359982,239.45371735537466,0.2965355812876552,8,339.0935914620176,47.056040626683675,1
0.6808730669781293,23.937829398233404,298.17118180782074,0.34970322974584955,7,156.62006510052473,43.815971657115576,0
0.8806816635700278,28.31021929874612,354.83919331113,0.7746535311811819,6,387.2216976982285,5.12839812917949,1
0.5130402786409562,31.08113820676621,299.9304262463497,0.6613706110704144,0,386.68781945618144,19.63653716357081,0
0.3583651783529968,30.957959180694868,330.60482907442713,0.18519556786746794,2,261.1267277794153,27.668559487488594,1
0.736148955814963,24.31175119965785,168.80756738998213,0.17410933533408435,1,488.0308978163276,25.156623627577,1
0.3166658010096594,19.585332641770574,335.18878981127926,0.09839564971339732,4,63.64955716656404,9.693153396844634,0
0.4511771365645089,31.787776785472683,78.0401962346363,0.6603027197013381,4,9.456884779900916,42.940838558407734,0
0.16276510507381278,29.74457321024308,363.18582962118467,0.7643726622217359,4,385.3089476667909,33.84703914984187,0
0.12028059473236602,19.745277536845737,241.6573316538077,0.265046428325004,3,403.77061314507637,41.89541874259018,1
0.8701187317423401,30.891786356643212,336.0542194868728,0.020944961030912812,4,60.98340733116755,42.93821396747361,1
0.7687840964097648,30.178549068869795,208.31139958140506,0.08217166747642735,2,133.52583364634444,37.41779268328699,1
0.6567793648749585,25.26373279976501,275.2521933187837,0.9678600348450305,0,9.758629319947826,21.960530062485866,1
0.4271623555314159,26.27785610042901,234.24093132763963,0.29544477747742026,4,147.3609967795018,30.527337750771228,0
0.23863545605667663,23.586037854181825,306.05633261436617,0.7692231478381336,8,386.7977950854171,8.018270305987157,1
0.22514963413686884,18.76666294350844,78.57049371070636,0.6246635688542638,8,259.46230332857687,33.68227087374539,1
0.3001943185316763,22.692761383042612,71.12322939669733,0.3819396396528959,3,174.69970099097574,8.962662786964037,1
0.5393813317648964,29.23994828037216,136.48613190355127,0.2056872621955551,2,186.4979081582588,34.69747952550784,1
0.6716767381600499,18.06484832206444,105.84063803961592,0.12138641815940643,0,1.6754592320186088,11.479908037698433,1
0.628157901374185,22.668988403676018,355.1242483072706,0.6150129680388666,1,150.60046325505272,5.877565007510999,1
0.3239471175567543,23.574361710273205,126.72489557531551,0.774633780637788,7,323.5829120773273,8.26422450714787,1
0.8638922245305554,25.52353844113092,391.55283953669596,0.6439042535411307,0,487.1230274643622,0.0996067609535134,0
0.6903175333566148,30.877978629778646,167.9135271198874,0.5303021332491583,7,423.68335266496587,35.93698089267651,1
0.5434832420091206,22.848843921123457,113.74127049104474,0.041951223431636264,6,12.773887358119033,36.620052452918955,1
0.5893765969874818,22.857344826547187,326.3944774998677,0.9684887775943838,7,449.38174173274484,25.746667495662972,1
0.435680049942232,28.325017473536477,280.54772142530663,0.7987141916545746,5,391.81600823601434,8.068140052769184,1
0.298184791600926,24.3310511724573,224.36850075859866,0.29282203670096474,8,390.40768566191923,4.177716875534488,0
0.3847781429210093,21.144467521159747,244.37724282817092,0.9799703293588506,2,229.53988374278217,0.9564483218643505,0
0.7062768883714954,24.33415322585771,301.72062239529237,0.6018815896363221,9,199.6046411842969,8.287408848261036,0
0.1115147909038047,19.9719982853172,129.95915946595454,0.5824226582072465,3,152.15494868776312,44.54277674915733,0
0.192858112405533,20.469417811087126,398.71687061985966,0.7480731794295321,5,33.78173461822852,12.076842085084088,0
0.13680211361740222,24.977148818352717,391.17760675137407,0.8117697880901376,7,114.88944638335586,17.71356636086078,0
0.1325830418551761,23.86495629306367,277.6139902214279,0.6564786073315027,4,124.05521385403429,5.267274224066659,1
0.7843684672088058,30.8078426149534,119.8398578252008,0.12809574636620003,2,242.55445778539058,11.118065237408514,0
0.6629262875040189,23.073514587632864,288.07988485095194,0.3382675059944984,5,373.9747588917503,25.961228539010257,0
0.4793390632698602,26.12823690389261,75.26944314271155,0.9280836403260497,3,237.43110437057535,30.387634154782628,1
0.17826732852080118,26.851700030873424,60.72837577203212,0.22461561184385193,8,29.864380274133143,12.267615708310553,0
0.49329270009346593,18.183322392236672,140.18901097892478,0.3721670238375133,2,478.9371106931137,2.8866079612558604,1
0.47877741662445256,27.28952320823395,211.9180348587607,0.432076882944196,3,471.419435227962,19.551643456369934,1
0.23856149592801215,20.49250353617652,353.8953768929332,0.4394049896944522,6,392.8095820310558,11.710168546316707,0
0.44708131939037843,31.45498444457237,304.5091744182078,0.6129395824945255,6,495.67262288054604,10.977696161490098,1
0.41880378751789876,20.081278188543582,309.94728241999337,0.9430758377447076,3,272.6966840673312,47.99314013567276,0
0.5926800784417732,23.80473773217833,198.92266705682638,0.24069271183250496,5,481.42140677634984,30.815024296286204,0
0.6080749206941151,19.194895353101014,171.07724739143703,0.12150137630091806,2,38.726915267758635,27.843922158604794,1
0.13624320781763563,31.956239525843262,179.86356704461093,0.19747048985993731,5,183.47469338242428,20.788755176166095,1
0.399690091701177,25.030730144637396,395.67734730762027,0.8869249002092695,1,113.46525273537615,21.447216671507213,0
0.6006879325713892,26.335390242480614,64.03821699436887,0.645810812655206,7,98.72070898300075,27.045250191904042,1
0.5025090068640702,18.939070683437986,353.461023642857,0.28590678923916013,1,71.26067149744537,34.82149035180536,1
0.7851918729506578,28.49944658558849,252.53639300033768,0.8159469389686173,6,311.58440714143234,35.107304809091474,0
0.6269549052951561,20.9386783033382,203.51539671635666,0.861369996363436,8,390.87960601790525,8.584695385272479,0
0.23034754166514376,30.572760052169993,303.8401811452978,0.846514338690278,0,289.57090131075995,25.00563760383135,1
0.1564549979203439,20.8719549667481,220.334129498646,0.9189265336395545,7,74.33439208451662,20.597904751705098,0
0.6139354225650525,20.669628089291333,355.6981333285812,0.2522410201733616,6,405.750761196802,43.52634831346921,0
0.12120904843329745,18.511695349873328,365.2456524039405,0.7550419287462783,5,318.34139887470053,31.57094606091882,0
0.5686204650187706,24.60893723153999,197.6023244057094,0.46053949727414,5,194.69468735737075,26.62520332079909,0
0.8521841931399661,25.90777586567663,146.88972903226806,0.8419985528900615,5,337.39101747249543,5.769732108945869,0
0.5603793423007032,18.919920951996932,257.3226150076768,0.7284906771616132,8,130.69258464217359,30.281894466170574,0
0.41053594096521756,28.857386633730147,369.32717096584184,0.7764474464997246,1,173.25091203861103,5.860195284011671,0
0.6146305747538826,24.346043686472388,123.73176615198331,0.6561618376810715,0,458.8254357228631,16.860328778287602,1
0.4666023123932133,25.34146377058612,268.03830424721895,0.17742876946970687,5,145.96174833003877,7.142098240716593,0
0.536493431452748,24.170678457135192,271.0460770323822,0.5450269188969383,9,235.52414581081035,34.603682351218445,1
0.8531718470212202,23.610682852254563,306.58955784534834,0.9846697395245082,7,445.1804275606113,10.31260569180763,1
0.40888211024061943,25.83496463831505,96.04868979454093,0.9373880664971189,2,354.15295378349623,19.5929686594013,1
0.8689524510591314,20.173363443029974,300.538737638731,0.04317373579701167,9,32.03940985618667,44.783738880938934,0
0.824280513564851,20.546993826933797,368.16138223297435,0.16481481572943713,0,74.5042190952062,10.215819169948514,0
0.25663290783143716,30.064998694189242,112.88908810458469,0.1317287734545619,8,4.912953795186492,25.390253197938957,1
0.15548904070013236,31.245616469870857,133.14016372335718,0.7259799099852955,0,315.8299733243525,20.9635830583011,0
0.18062240110194133,23.22633042791654,389.98828291457386,0.8177853298569451,2,224.38903927979874,0.9062020522864866,1
0.1145774605212398,21.790425424009754,113.34193344832141,0.2135113663106719,7,68.00315060023549,39.63790567864064,0
0.17555436860474272,27.01599360534622,349.0347826793527,0.505852692951829,2,479.00912640732844,3.4522953157299865,0
0.6464054187330855,23.72227839537335,222.29724975681216,0.8407030280112,3,265.3002022488643,23.71275104884768,1
0.1569509187681832,18.355408979244828,136.53087604111195,0.7328015447662506,7,121.7047537623317,28.033914746947495,1
0.3551805042350091,20.186136363126664,354.762465445379,0.5422372054918483,0,250.80118200619907,31.421322830729352,1
0.7759002487755637,28.023611203863567,205.85683925093292,0.5903476904587729,5,340.1305460348188,34.431581465393776,0
0.11861754858866069,27.22493518674212,230.18607387539157,0.50836054691628,0,39.043369768808674,12.663619176135754,1
0.7515747860711487,18.37934389504877,175.731679289918,0.2975484513188206,0,138.0772037088981,0.49893883292246866,0
0.32548381981872,21.107610267061293,257.5327980022246,0.5650219928590161,7,403.6757799511128,36.1721831177456,0
0.194531862097325,21.235047152233,107.23335540475797,0.6888853020500907,3,230.37277033092795,26.78282996737893,0
0.6573897322913206,27.4064984103822,186.87853782811624,0.8733229158608077,0,273.74199387411517,41.805885160362436,1
0.6031542774239073,18.275947528561097,389.2943128173506,0.6362913539792481,9,216.97518510252516,41.06941814503472,1
0.8019776108216424,19.457520147784034,140.34670144539464,0.761121537043158,6,22.906071378859554,42.16630838939416,1
0.6880568350431087,29.19882519522465,279.85783258945224,0.160071634954573,4,83.70914013025781,24.25473299897701,0
0.7427847443078789,20.49962526876067,163.8165224786432,0.4615574744197899,4,223.32527773220355,16.681419791843282,0
0.3256276580570452,27.138445509926246,320.71559399031025,0.009331619827093296,0,105.38354723855598,39.5779101295685,1
0.24195163502377826,21.334558934654172,95.80578125142245,0.24667886452162302,9,25.93953530117969,22.564705651462745,0
0.7004918013126867,19.39217949863083,389.43736577749064,0.7264617151130048,5,421.98118236186,9.172109820171725,0
0.7454677914138113,21.404410673992356,208.82633948427375,0.9918099513493635,8,490.61507205289377,42.748700978073714,1
0.8924041136005387,28.11173704597923,132.6176621712624,0.0991780995872159,8,396.77829412437296,44.127993838617364,1
0.4300941415291412,29.979750553488,75.72386156550444,0.40149431586128825,7,427.03867593062887,23.315487807008505,1
0.39761446863422656,29.623078103937882,109.41526678063926,0.8000709686991595,4,121.74658802820564,3.7849863654893734,0
0.7211303685935975,23.560569414658367,231.9208819946062,0.20403563462889884,0,480.3528607810867,19.391304495846562,0
0.3726428322024143,27.353191911989047,167.95111175095022,0.5550849493022862,8,99.26592652226077,40.17688297313017,0
0.8446058604828518,20.869780135821493,340.1091780589133,0.7330712960296748,0,475.7634753705543,45.088701427311435,0
0.7867302014744095,22.104068223654185,200.81063328163208,0.615985450260179,7,497.41482768900954,10.173637124879791,0
0.4431952219000147,30.54870145929568,137.04999540567047,0.18802473461541613,4,356.1496800672783,3.348680601263576,1
0.7006968542331979,18.182026929150304,266.0007453114105,0.3553845686857394,2,490.59072216411914,43.86752265664193,0
0.7036342992677459,19.19711943196255,297.37202590990603,0.7837917844853972,6,285.20035000398474,19.470246948943764,0
0.1824990950687461,20.91040757204438,108.46466776533245,0.5542265141320166,6,130.51134980486907,27.088048213378162,0
0.8220423253436534,18.371450854233476,108.66672570091119,0.005229613542912737,8,219.0609469471448,48.40329060253794,1
0.5042018979582857,20.540096091257162,62.83499942674004,0.7609907600280938,6,297.1869067540142,3.3282363957111425,1
0.7611659728861934,26.16258185357569,307.7407052729742,0.03531135494023907,2,37.46769945148048,32.41590037260478,1
0.35603968082448945,23.89994370829497,282.3315846676318,0.7457337827312321,0,311.5492890440058,3.7052711287433535,0
0.8164185827969604,30.497403955077647,216.12080651243485,0.2024805601652374,7,490.60774054438497,18.77344642332502,1
0.4113613429873305,29.444209864338173,345.459657139219,0.9580734801193802,2,95.86371724208009,40.190727259672336,1
0.10867012118423869,22.785442923770262,331.9845535325186,0.3679407513020845,7,396.5049630279033,21.67361163778172,1
0.824305581135411,21.631928068038096,254.87402753886326,0.3269316163380791,7,454.04149809603007,49.85911769514752,0
0.17302934142890686,23.315693714341737,353.89494817964055,0.14888805033244468,4,471.90709481729016,27.952964247330108,1
0.3554509100723319,26.264129195207307,122.04442351286889,0.3056042154902149,0,480.10766659831813,16.058107631797675,0
0.8600495736406439,21.752890971520266,89.17186678920476,0.8766507618282006,9,261.2083597220145,11.005566295237657,0
0.8604857175500449,26.738084709887875,144.41236403094638,0.9963343376272473,6,488.67664608776033,17.52602671430809,1
0.5587503104986289,23.731763130677365,69.9803996312602,0.36830953050684834,9,378.897793360085,18.62666368797754,0
0.6054697697358394,25.728660531927723,235.9093348003612,0.44861063095454257,4,81.67404668224398,3.4356838861980488,1
0.45875641758265584,24.105771407894434,377.81199230323654,0.722070938202737,7,238.97315312751704,18.47870997133866,0
0.33456861735845167,22.12252063358685,63.77023923397837,0.8861957804650745,8,359.44725651063,23.211925986961248,1
0.3629316362959328,31.278346297470193,92.73846990350938,0.5930443341867842,6,124.42281759372258,36.13688761194023,1
0.6380147648616308,28.69048111823665,208.26965989920234,0.39152569817782934,6,320.6669765908948,32.8364742360804,1
0.701899623550144,19.961584460730336,376.85625613476674,0.41262184084862374,0,333.633639044263,35.438282761457714,0
0.7332632349806789,30.15855166257078,160.65463674186267,0.6956181464968069,3,82.18717216047438,0.41818409384285493,1
0.7316945142356431,24.82403677549319,227.53218304093735,0.0032182636042786816,1,282.9775709139254,10.883369979026803,0
0.1729648824389523,30.52373117651728,64.55050066763724,0.6195893374598407,1,386.04182857832524,33.084214419992826,1
0.4955362437620652,29.197973583262414,101.9201203367311,0.3554930104413574,1,249.94893660343502,24.199468408987357,0
0.14604700801331544,23.95298906256927,395.3205430355964,0.7941973312770843,3,7.039455271277605,0.2656737834172973,0
0.5396231058589884,18.314570316481642,387.79154375261595,0.09299063982313216,0,5.5101960705667965,40.22473212159112,1
0.45322440109870166,21.761483031389247,51.72899332704336,0.5882022669483905,3,179.1576426410361,38.64047866451687,1
0.8101633462066399,25.58287900525214,383.1341248981336,0.48097288988612374,1,463.1708401474592,27.420958149678132,1
0.38073201004166296,26.868695077566063,273.69197823542515,0.6423255259052274,4,115.10971302220078,3.323166288813606,1
0.1936536131420847,21.61042759606483,353.77140308200774,0.06485359448296835,2,317.54748074697187,38.32575247662923,1
0.2143933456422687,19.95098503701954,209.1589494718507,0.5799837874281313,7,111.81585947596697,29.185679386568196,0
0.7092085053739778,29.689023315190187,230.45861000273757,0.5614845879595237,3,161.51332484011476,39.097998857897956,1
0.5945744506530088,31.78163052984973,221.09630308992206,0.5606600944161709,0,424.1730027111405,37.58734961979202,1
0.1808981408982322,25.3596625522376,283.4024901411365,0.6034876665964548,0,364.70185969270347,40.15010359789186,0
0.16728544489199795,20.40351000187625,98.87793916470952,0.6764679372263622,9,48.6042393792921,25.90040332023124,1
0.660775305167296,21.812302571271164,60.490756455437285,0.8049889996807698,2,214.92230847223038,7.016225909675749,1
0.15821040509135484,18.257469471664535,157.77547955691682,0.26982072012821434,8,15.55571205898697,33.557873668984435,0
0.757488047432285,30.800183291846984,296.6382669578264,0.8250494101800621,6,240.9641831549015,31.02368925259853,1
0.664993781725197,19.648515160461976,120.64870824303193,0.4982556822634536,1,331.554571838833,37.11265935995436,1
0.16507902451351983,26.07123065719955,285.7013516637211,0.07705827913433116,8,60.132809175477625,8.494050302536765,1
0.16787017126815354,21.836773089620884,389.46921613754466,0.0585509292439792,9,145.15358451567366,9.748759995014462,0
0.8893116628009404,25.758492035221106,82.86525052629644,0.3342383186960608,1,199.5204761255763,44.52047586096642,1
0.3994166366048963,27.1198854369261,285.41074137879417,0.7848969771114676,2,459.84598130336883,37.49888992260354,0
0.39651371765351273,29.616385251900823,205.3125767565999,0.7076809347409158,9,496.63425269605904,45.411424435016144,1
0.7502396538060021,20.889897804648445,353.84978903212686,0.7886149646724064,1,23.41073819881231,37.93576605819604,0
0.857798861907087,18.153941601218726,112.00242630658506,0.5172690564416094,2,380.74295382420064,29.857765299515094,1
0.8888008510582968,19.916398820963302,292.4190832791576,0.44019899795549056,5,186.49030913476926,32.70663685139368,0
0.7027025482071534,30.600260985873472,343.34035137683856,0.14745252670628395,8,196.83663492851053,44.456396197000494,0
0.4010076684247326,30.234461085875214,380.6149768159081,0.32819275360931155,8,377.3782217001643,28.940337725597026,0
0.16680057335893503,26.363783430384316,289.136809901376,0.43401936617387527,6,459.2947896405589,31.619566216419372,0
0.7217175327419495,26.407236046071148,224.01116740294955,0.08860042967961723,2,475.51336865677166,7.823835800180029,0
0.546723399788644,27.310513443647576,266.24653407042484,0.22061195271121126,3,288.9841704331221,23.696061005805134,0
0.439377607397581,20.455197900728294,354.1167445675514,0.5982252940637388,5,179.2034584909509,35.81985559790495,1
0.8250835080757888,30.80176724294944,249.71341132359038,0.7356631142391898,4,393.98699384353085,13.54713491581827,1
0.18895798584492107,23.862787348489025,60.6354708938929,0.9983475113929496,1,126.24969024788783,10.112709026226746,0
0.49410008343268735,23.363939395492963,375.8320434274422,0.9331133313435577,5,282.47294038792535,15.691340411220779,0
0.10908291581393526,25.264847873959724,291.3343628610464,0.6425651995351915,2,179.9306523009117,12.075031399641672,0
0.474928513595301,18.65752353485077,286.7796850220363,0.421248053294072,7,328.65890578023016,10.745631851819793,0
0.14504262054546987,20.32796716258511,125.48630333920102,0.6361773647082327,1,120.95905753385995,21.242542143404346,1
0.19505433301445754,28.332470629969187,280.60991458143,0.785651618080232,0,96.60487992167806,45.391925694176706,0
0.1940209974216839,19.15918135095177,187.85254197895546,0.11833619092338732,8,459.2013042510431,25.352982336935913,1
0.6193682416928509,26.444129532529434,277.93154196452224,0.40990488969628824,2,51.800037791818916,9.396019040766152,1
0.6968359034123387,21.434887535538493,87.30756060779676,0.8398022856356172,0,253.4729959597309,3.848583469043704,0
0.5666950120777278,23.45013859658767,280.2458566110626,0.383832951933044,6,111.20553869854145,34.80780725689626,0
0.8697380387796336,22.041712314789798,399.7948040197333,0.5718722712271865,9,20.426051699508058,19.139938221819392,1
0.39989646361896325,22.979418030509287,66.87421360119461,0.5877693608621982,4,18.973390327421768,41.09154732926796,1
0.3285696690254886,28.066642672579437,392.0109644774611,0.18447625313363936,4,88.43566428080784,32.97553843203851,0
0.7948793025515682,22.15970401872445,192.41778625300472,0.3622354416522884,0,433.5184068984941,39.81207252706842,0
0.2788766708155621,25.92966496415656,354.7637076180407,0.33451128874193214,8,141.9568932445363,13.597301970922437,0
0.8705780315524891,24.664705630787395,323.8349194203957,0.026196708532064794,6,475.27912611707256,34.6179461230529,1
0.10972357975185308,27.291396315077073,248.45569134533372,0.024191763891355245,7,291.2295242016076,13.203099234685938,1
0.8759030613661113,31.115616350546613,308.4572232379643,0.8316970436757735,8,218.8704806946143,46.95342397251458,0
0.1345279295604609,28.256009360943505,357.48044645547174,0.2730708099728124,5,290.46432850005783,31.81871407666872,1
0.8129144909584569,21.009165300270595,191.44911257786154,0.5180787662388154,4,258.8324942279076,16.225590008767103,1
0.5221608872690399,18.436563890857986,164.46160654713356,0.29872557358877305,5,379.62935062490527,13.475593114613632,0
0.8943718368954403,21.67169662019755,283.65768494725467,0.9406792451153405,1,141.96553692045327,9.546329253582176,0
0.1590372517883191,26.331091029803567,332.7460796794405,0.25929675886577375,3,177.17214540855088,34.73204794468639,1
0.5430834275210566,18.719961388779506,316.7997971718155,0.4296568127389351,2,447.1530569640921,10.935780649896365,1
0.8754420284952792,24.94912746081731,329.2347771005221,0.8727302504846018,6,473.28180006205235,29.765163296374453,0
0.5184782753361191,26.35579988483645,202.45416018452656,0.8419335667918086,8,446.3865555157508,13.231751346267867,0
0.60351891050821,22.67941447143745,336.2419756612576,0.18610141784627732,4,210.30454898469947,33.09844723969343,0
0.6565989511876937,28.792770852441507,92.07316937971295,0.8026433097957104,5,390.402386000434,40.74698642702696,0
0.4636328518142186,19.492375543872804,240.57118428629735,0.45818688673789265,9,238.6915309172483,38.90126215723266,0
0.6020464640672508,19.051928944301324,52.01553117434255,0.4829688720853552,1,249.272386220905,38.042566546539085,1
0.5674514495384803,28.194642586850446,163.6050404650946,0.13347997241594378,2,103.13537441958469,9.386120284612604,1
0.8209264083927912,24.93687842688678,178.26153720498925,0.08060151375712465,2,295.97402132599973,4.419247349225936,1
0.1363571042731663,27.637633549988305,188.66044206323937,0.7279393069737652,8,93.88181297892062,34.94744142436928,1
0.32477055167378427,24.087582740452447,293.41352234145177,0.49646115235529975,6,166.45078483452968,18.417360689717565,0
0.8603291872612471,21.449628465347494,185.99533544462102,0.43685070261517955,7,427.66007060834767,21.617311320167364,0
0.8122110271127331,29.467432447438796,207.04276791788573,0.7295082286523967,9,104.33082879621675,1.5574546396695532,0
0.46452540222857036,29.191822305565708,133.1404458060146,0.7655128989911097,8,36.507984301542976,12.97882246375246,1
0.5961060782412294,27.725750591961976,180.63812707026904,0.15890816766935356,5,35.434788713795335,1.6838201937232011,1
0.3219049463849062,21.810031921219476,129.54436954210303,0.6102251494776413,3,470.45147573105083,43.95928863006238,1
0.25049692777900906,26.26322933616722,75.61857331895527,0.13535408227768553,0,253.95329854295548,12.169834160926523,0
0.47095872395198574,23.053634557160375,261.2070076834823,0.7513750860290457,7,205.29662383669213,27.866858478650403,1
0.3826817824208423,19.282149026572878,283.8744794942557,0.6569551562671395,6,405.6284119229513,1.9489660330565206,0
0.5669248894806976,30.842390056471398,266.8216211033651,0.956614621083458,1,418.0771380273475,33.3423695652829,0
0.1621877095719879,19.91546083286546,212.22291533020032,0.06895801635642118,7,166.7633255246867,16.151367287704694,0
0.8795158461329332,31.303322953491232,182.92502306273045,0.05705472115125432,4,347.1154106794238,44.89595934788329,0
0.8889685955836824,24.24408082141138,352.16677735013883,0.28218707469320015,6,385.7902851100914,44.40590944670179,0
